{"cameraMode":{"drawMode":0,"name":"Shaded","section":"Shading Mode"},"sceneLighting":true,"audioPlay":false,"sceneViewState":{"showFog":true,"showMaterialUpdate":false,"showSkybox":true,"showFlares":true,"showImageEffects":true,"showParticleSystems":true},"in2DMode":false,"pivot":{"x":0.8543881773948669,"y":2.1701526641845705,"z":-1.6048388481140137},"rotation":{"x":0.16306054592132569,"y":-0.014803260564804078,"z":0.0024476407561451198,"w":0.9865068793296814},"size":10.0,"orthographic":false}