{"cameraMode":{"drawMode":0,"name":"Shaded","section":"Shading Mode"},"sceneLighting":true,"audioPlay":false,"sceneViewState":{"showFog":true,"showMaterialUpdate":false,"showSkybox":true,"showFlares":true,"showImageEffects":true,"showParticleSystems":true},"in2DMode":false,"pivot":{"x":1.5226144790649415,"y":5.043527126312256,"z":28.829294204711915},"rotation":{"x":-0.09180618077516556,"y":0.29614439606666567,"z":-0.028610052540898324,"w":-0.9502910375595093},"size":10.0,"orthographic":false}